ID,Property Information copy,Tenant Orders,Images,Property Type,Marketing Type,Status,Availability,Community,Neighborhood,Company,Location,HOA,HOA Application Cost/Person, Annual Rent , Seasonal Jan - Mar , Off Seasonal April - Dec , Standard Seasonal weekly  , Standard Seasonal daily , Off Seasonal weekly , Off Seasonal daily,Guest List
1,"Buccaneer - 563 Plaza Del Sol North Fort Myers, FL 33917",,,Manufactured Home,,,No,,Buccaneer,ELS,North Fort Myers,,,"$1,100.00","$2,500.00","$1,000.00",$577.37,$357.14,$230.95,$142.86,
2,"Buccaneer - 11 Plaza Palace, North Fort Myers, FL 33917 copy",,,Manufactured Home,,Visible,"Yes, Rent or Lease",,Buccaneer,ELS,North Fort Myers,,,"$1,100.00","$2,500.00","$1,000.00",$577.37,$357.14,$230.95,$142.86,
3,"Country Lakes 904 - 5700 Bayshore Drive Bradenton, FL 34221",,,Manufactured Home,,Inactive,No,,Country Lakes,Co-op,Bradenton,,,"$1,100.00","$2,500.00","$1,000.00",$577.37,$357.14,$230.95,$142.86,
4,"Country Lakes Village - 5700 Bayshore Rd #702 Palmetto, FL 34221",,,Manufactured Home,,Inactive,No,,Country Lakes,Co-op,Bradenton,,,"$1,100.00","$2,500.00","$1,000.00",$577.37,$357.14,$230.95,$142.86,
5,"Del Tura-4405 - 4405 San Lucian Ln North Fort Myers, FL 33903",,,Manufactured Home,,,No,,Deltura,Hometown America,North Fort Myers,,,"$1,400.00","$2,800.00","$1,200.00",$646.65,$400.00,$277.14,$171.43,
6,"Del Tura-738 - 738 Via Del Sol North Fort Myers, FL 33903",,,Manufactured Home,,,No,,Deltura,Hometown America,North Fort Myers,,,"$1,400.00","$2,800.00","$1,200.00",$646.65,$400.00,$277.14,$171.43,
7,"Deltura 309 - 309 San Remo Lane North Fort Myers, FL 33903",,,Manufactured Home,,,No,,Deltura,Hometown America,North Fort Myers,,,"$1,400.00","$2,800.00","$1,200.00",$646.65,$400.00,$277.14,$171.43,
8,"Deltura 4414 - 4414 San Lucian Lane North Fort Myers, FL 33903",,,Manufactured Home,,,No,,Deltura,Hometown America,North Fort Myers,,,"$1,400.00","$2,800.00","$1,200.00",$646.65,$400.00,$277.14,$171.43,
9,"Lake Fairways-31L - 19251 Indian Wells North Fort Myers, FL 33903",,,Manufactured Home,,,No,,Lake Fairways,ELS,North Fort Myers,,,"$1,400.00","$2,800.00","$1,200.00",$646.65,$400.00,$277.14,$171.43,
10,"Lake Fairways-9H - 19261 Cedar Crest Ct 9H N. Fort Myers, FL 33903",,,Manufactured Home,,,No,,Lake Fairways,ELS,North Fort Myers,,,"$1,400.00","$2,800.00","$1,200.00",$646.65,$400.00,$277.14,$171.43,
11,"19117 Harbour Tree Ct, 37L, Lakefairways, North Fort Myers 33903",,,Manufactured Home,,,No,,Lake Fairways,ELS,North Fort Myers,,,"$1,300.00","$2,500.00","$1,200.00",$577.37,$357.14,$277.14,$171.43,
12,"19219 Meadowbrook, 41L, Lakefairways, North Fort Myers 33903",,,Manufactured Home,,,No,,Lake Fairways,ELS,North Fort Myers,,,"$1,300.00","$2,500.00","$1,200.00",$577.37,$357.14,$277.14,$171.43,
13,"Lake Fairways-39A - 19144 Harbour Tree Ct 39A N.Fort Myers, FL 33903",,,Manufactured Home,,,No,,Lake Fairways,ELS,North Fort Myers,,,"$1,200.00","$2,500.00","$1,000.00",$577.37,$357.14,$230.95,$142.86,
14,"San Simeon 3862 - 3862 Cherrybrook Loop Fort Myers, FL 33966",,,Townhome,,,No,,San Simeon,,Fort Myers,,,"$1,500.00","$3,500.00","$1,200.00",$808.31,$500.00,$277.14,$171.43,
15,"Stoneybrook - 9440 ivy Brook Run 508 Fort Myers, FL 33913",,,Townhome,,,No,,Stoneybrook,,Fort Myers,,,"$1,400.00","$3,000.00","$1,200.00",$692.84,$428.57,$277.14,$171.43,
16,"Summerwind - 103 - 12141 Summergate Circle 103 Fort Myers, FL 33913",,,Manufactured Home,,,No,Gateway,Summerwind,,Fort Myers,,,"$1,400.00","$3,000.00","$1,200.00",$692.84,$428.57,$277.14,$171.43,
17,"Summerwind - 202 - 12181 Summergate Circle 202 Fort Myers, FL 33913",,,Manufactured Home,,,No,Gateway,Summerwind,,Fort Myers,,,"$1,400.00","$3,000.00","$1,200.00",$692.84,$428.57,$277.14,$171.43,
18,"Summerwind - 203 - 12069 Summergate Circle 203 Fort Myers, FL 33913",,,Manufactured Home,,,No,Gateway,Summerwind,,Fort Myers,,,"$1,400.00","$3,000.00","$1,200.00",$692.84,$428.57,$277.14,$171.43,
19,"Summerwind - 204 - 12069 Summergate Circle 204 Fort Myers, FL 33913",,,Manufactured Home,,,No,Gateway,Summerwind,,Fort Myers,,,"$1,400.00","$3,000.00","$1,200.00",$692.84,$428.57,$277.14,$171.43,
20,"Summerwind-101 - 12069 Summergate Circle 101 Fort Myers, FL 33913",,,Manufactured Home,,,No,Gateway,Summerwind,,Fort Myers,,,"$1,400.00","$3,000.00","$1,200.00",$692.84,$428.57,$277.14,$171.43,
21,"5 Galena Ct, Jamaica Bay, Fort Myers 33909",,,Manufactured Home,,,No,,Jamaica Bay,,Fort Myers,,,"$1,200.00","$2,500.00","$1,000.00",$577.37,$357.14,$230.95,$142.86,
22,"Tara Woods 292 - 2893 Steamboat Loop North Fort Myers, FL 33917",,,Manufactured Home,,,No,,Tarawoods,Hometown America,North Fort Myers,,,"$1,400.00","$2,800.00","$1,200.00",$646.65,$400.00,$277.14,$171.43,
23,Leased Properties,,,,,,No,,,,,,,,,,$0.00,$0.00,$0.00,$0.00,
24,"Pine Lakes-31M - 10861 Circle Pine Rd 31M N. Fort Myers, FL 33903",,,Manufactured Home,,,No,,Pine Lakes,,North Fort Myers,,,,,,$0.00,$0.00,$0.00,$0.00,
25,"Pine Lakes-51I - 19418 Saddlebrook Ct 51I N. Fort Myers, FL 33903",,,Manufactured Home,,,No,,Pine Lakes,,North Fort Myers,,,,,,$0.00,$0.00,$0.00,$0.00,
26,"Lake Fairways-41L - 19219 Meadow Brook North Fort Myers, DE 33903",,,Manufactured Home,,,No,,Lake Fairways,,North Fort Myers,,,,,,$0.00,$0.00,$0.00,$0.00,
27,"Lake Fairways-4N - 19433 Bermuda Ct 4N N.Fort Myers, FL 33903",,,Manufactured Home,,,No,,Lake Fairways,,North Fort Myers,,,,,,$0.00,$0.00,$0.00,$0.00,
28,"Lake Fairways -53L - 19304 Tuckaway Ct 53L N. Fort Myers, FL 33903",,,Manufactured Home,,,No,,Lake Fairways,,North Fort Myers,,,,,,$0.00,$0.00,$0.00,$0.00,
29,"Lake Fairways 57J - 975 Spyglass Ct 57J N. Fort Myers, FL 33903",,,Manufactured Home,,,No,,Lake Fairways,,North Fort Myers,,,,,,$0.00,$0.00,$0.00,$0.00,
30,,,,,,,No,,,,,,,,,,$0.00,$0.00,$0.00,$0.00,
31,,,,,,,No,,,,,,,,,,$0.00,$0.00,$0.00,$0.00,
32,,,,,,,No,,,,,,,,,,$0.00,$0.00,$0.00,$0.00,
33,,,,,,,No,,,,,,,,,,$0.00,$0.00,$0.00,$0.00,
34,,,,,,,No,,,,,,,,,,$0.00,$0.00,$0.00,$0.00,
35,,,,,,,No,,,,,,,,,,$0.00,$0.00,$0.00,$0.00,
36,,,,,,,No,,,,,,,,,,$0.00,$0.00,$0.00,$0.00,
37,,,,,,,No,,,,,,,,,,$0.00,$0.00,$0.00,$0.00,
38,,,,,,,No,,,,,,,,,,$0.00,$0.00,$0.00,$0.00,
39,,,,,,,No,,,,,,,,,,$0.00,$0.00,$0.00,$0.00,
40,,,,,,,No,,,,,,,,,,$0.00,$0.00,$0.00,$0.00,
41,,,,,,,No,,,,,,,,,,$0.00,$0.00,$0.00,$0.00,
42,,,,,,,No,,,,,,,,,,$0.00,$0.00,$0.00,$0.00,
43,,,,,,,No,,,,,,,,,,$0.00,$0.00,$0.00,$0.00,
44,,,,,,,No,,,,,,,,,,$0.00,$0.00,$0.00,$0.00,
45,,,,,,,No,,,,,,,,,,$0.00,$0.00,$0.00,$0.00,
46,,,,,,,No,,,,,,,,,,$0.00,$0.00,$0.00,$0.00,
47,,,,,,,No,,,,,,,,,,$0.00,$0.00,$0.00,$0.00,
48,,,,,,,No,,,,,,,,,,$0.00,$0.00,$0.00,$0.00,
49,,,,,,,No,,,,,,,,,,$0.00,$0.00,$0.00,$0.00,
50,,,,,,,No,,,,,,,,,,$0.00,$0.00,$0.00,$0.00,
51,,,,,,,No,,,,,,,,,,$0.00,$0.00,$0.00,$0.00,
52,,,,,,,No,,,,,,,,,,$0.00,$0.00,$0.00,$0.00,
53,,,,,,,No,,,,,,,,,,$0.00,$0.00,$0.00,$0.00,
54,,,,,,,No,,,,,,,,,,$0.00,$0.00,$0.00,$0.00,
55,,,,,,,No,,,,,,,,,,$0.00,$0.00,$0.00,$0.00,
56,,,,,,,No,,,,,,,,,,$0.00,$0.00,$0.00,$0.00,
57,,,,,,,No,,,,,,,,,,$0.00,$0.00,$0.00,$0.00,
58,,,,,,,No,,,,,,,,,,$0.00,$0.00,$0.00,$0.00,
59,,,,,,,No,,,,,,,,,,$0.00,$0.00,$0.00,$0.00,
60,,,,,,,No,,,,,,,,,,$0.00,$0.00,$0.00,$0.00,
61,,,,,,,No,,,,,,,,,,$0.00,$0.00,$0.00,$0.00,
62,,,,,,,No,,,,,,,,,,$0.00,$0.00,$0.00,$0.00,
63,,,,,,,No,,,,,,,,,,$0.00,$0.00,$0.00,$0.00,
64,,,,,,,No,,,,,,,,,,$0.00,$0.00,$0.00,$0.00,
65,,,,,,,No,,,,,,,,,,$0.00,$0.00,$0.00,$0.00,
66,,,,,,,No,,,,,,,,,,$0.00,$0.00,$0.00,$0.00,
67,,,,,,,No,,,,,,,,,,$0.00,$0.00,$0.00,$0.00,
68,,,,,,,No,,,,,,,,,,$0.00,$0.00,$0.00,$0.00,
69,,,,,,,No,,,,,,,,,,$0.00,$0.00,$0.00,$0.00,
70,,,,,,,No,,,,,,,,,,$0.00,$0.00,$0.00,$0.00,
71,,,,,,,No,,,,,,,,,,$0.00,$0.00,$0.00,$0.00,
72,,,,,,,No,,,,,,,,,,$0.00,$0.00,$0.00,$0.00,
73,,,,,,,No,,,,,,,,,,$0.00,$0.00,$0.00,$0.00,
74,,,,,,,No,,,,,,,,,,$0.00,$0.00,$0.00,$0.00,
75,,,,,,,No,,,,,,,,,,$0.00,$0.00,$0.00,$0.00,
76,,,,,,,No,,,,,,,,,,$0.00,$0.00,$0.00,$0.00,
77,,,,,,,No,,,,,,,,,,$0.00,$0.00,$0.00,$0.00,
78,,,,,,,No,,,,,,,,,,$0.00,$0.00,$0.00,$0.00,
79,,,,,,,No,,,,,,,,,,$0.00,$0.00,$0.00,$0.00,
80,,,,,,,No,,,,,,,,,,$0.00,$0.00,$0.00,$0.00,
81,,,,,,,No,,,,,,,,,,$0.00,$0.00,$0.00,$0.00,
82,,,,,,,No,,,,,,,,,,$0.00,$0.00,$0.00,$0.00,
83,,,,,,,No,,,,,,,,,,$0.00,$0.00,$0.00,$0.00,
84,,,,,,,No,,,,,,,,,,$0.00,$0.00,$0.00,$0.00,
85,,,,,,,No,,,,,,,,,,$0.00,$0.00,$0.00,$0.00,
86,,,,,,,No,,,,,,,,,,$0.00,$0.00,$0.00,$0.00,
87,,,,,,,No,,,,,,,,,,$0.00,$0.00,$0.00,$0.00,
88,,,,,,,No,,,,,,,,,,$0.00,$0.00,$0.00,$0.00,
89,,,,,,,No,,,,,,,,,,$0.00,$0.00,$0.00,$0.00,
90,,,,,,,No,,,,,,,,,,$0.00,$0.00,$0.00,$0.00,
91,,,,,,,No,,,,,,,,,,$0.00,$0.00,$0.00,$0.00,
92,,,,,,,No,,,,,,,,,,$0.00,$0.00,$0.00,$0.00,
93,,,,,,,No,,,,,,,,,,$0.00,$0.00,$0.00,$0.00,
94,,,,,,,No,,,,,,,,,,$0.00,$0.00,$0.00,$0.00,
95,,,,,,,No,,,,,,,,,,$0.00,$0.00,$0.00,$0.00,
96,,,,,,,No,,,,,,,,,,$0.00,$0.00,$0.00,$0.00,
97,,,,,,,No,,,,,,,,,,$0.00,$0.00,$0.00,$0.00,
98,,,,,,,No,,,,,,,,,,$0.00,$0.00,$0.00,$0.00,
99,,,,,,,No,,,,,,,,,,$0.00,$0.00,$0.00,$0.00,
100,,,,,,,No,,,,,,,,,,$0.00,$0.00,$0.00,$0.00,
101,,,,,,,No,,,,,,,,,,$0.00,$0.00,$0.00,$0.00,
102,,,,,,,No,,,,,,,,,,$0.00,$0.00,$0.00,$0.00,
103,,,,,,,No,,,,,,,,,,$0.00,$0.00,$0.00,$0.00,
104,,,,,,,No,,,,,,,,,,$0.00,$0.00,$0.00,$0.00,
105,,,,,,,No,,,,,,,,,,$0.00,$0.00,$0.00,$0.00,
106,,,,,,,No,,,,,,,,,,$0.00,$0.00,$0.00,$0.00,
107,,,,,,,No,,,,,,,,,,$0.00,$0.00,$0.00,$0.00,
108,,,,,,,No,,,,,,,,,,$0.00,$0.00,$0.00,$0.00,
109,,,,,,,No,,,,,,,,,,$0.00,$0.00,$0.00,$0.00,
110,,,,,,,No,,,,,,,,,,$0.00,$0.00,$0.00,$0.00,
111,,,,,,,No,,,,,,,,,,$0.00,$0.00,$0.00,$0.00,
112,,,,,,,No,,,,,,,,,,$0.00,$0.00,$0.00,$0.00,
113,,,,,,,No,,,,,,,,,,$0.00,$0.00,$0.00,$0.00,
114,,,,,,,No,,,,,,,,,,$0.00,$0.00,$0.00,$0.00,
115,,,,,,,No,,,,,,,,,,$0.00,$0.00,$0.00,$0.00,
116,,,,,,,No,,,,,,,,,,$0.00,$0.00,$0.00,$0.00,
117,,,,,,,No,,,,,,,,,,$0.00,$0.00,$0.00,$0.00,
118,,,,,,,No,,,,,,,,,,$0.00,$0.00,$0.00,$0.00,
119,,,,,,,No,,,,,,,,,,$0.00,$0.00,$0.00,$0.00,
120,,,,,,,No,,,,,,,,,,$0.00,$0.00,$0.00,$0.00,
121,,,,,,,No,,,,,,,,,,$0.00,$0.00,$0.00,$0.00,
122,,,,,,,No,,,,,,,,,,$0.00,$0.00,$0.00,$0.00,
123,,,,,,,No,,,,,,,,,,$0.00,$0.00,$0.00,$0.00,
124,,,,,,,No,,,,,,,,,,$0.00,$0.00,$0.00,$0.00,
125,,,,,,,No,,,,,,,,,,$0.00,$0.00,$0.00,$0.00,
126,,,,,,,No,,,,,,,,,,$0.00,$0.00,$0.00,$0.00,
127,,,,,,,No,,,,,,,,,,$0.00,$0.00,$0.00,$0.00,
128,,,,,,,No,,,,,,,,,,$0.00,$0.00,$0.00,$0.00,
129,,,,,,,No,,,,,,,,,,$0.00,$0.00,$0.00,$0.00,
130,,,,,,,No,,,,,,,,,,$0.00,$0.00,$0.00,$0.00,
131,,,,,,,No,,,,,,,,,,$0.00,$0.00,$0.00,$0.00,
132,,,,,,,No,,,,,,,,,,$0.00,$0.00,$0.00,$0.00,
133,,,,,,,No,,,,,,,,,,$0.00,$0.00,$0.00,$0.00,
134,,,,,,,No,,,,,,,,,,$0.00,$0.00,$0.00,$0.00,
135,,,,,,,No,,,,,,,,,,$0.00,$0.00,$0.00,$0.00,
136,,,,,,,No,,,,,,,,,,$0.00,$0.00,$0.00,$0.00,
137,,,,,,,No,,,,,,,,,,$0.00,$0.00,$0.00,$0.00,
138,,,,,,,No,,,,,,,,,,$0.00,$0.00,$0.00,$0.00,
139,,,,,,,No,,,,,,,,,,$0.00,$0.00,$0.00,$0.00,
140,,,,,,,No,,,,,,,,,,$0.00,$0.00,$0.00,$0.00,
141,,,,,,,No,,,,,,,,,,$0.00,$0.00,$0.00,$0.00,
142,,,,,,,No,,,,,,,,,,$0.00,$0.00,$0.00,$0.00,
143,,,,,,,No,,,,,,,,,,$0.00,$0.00,$0.00,$0.00,
144,,,,,,,No,,,,,,,,,,$0.00,$0.00,$0.00,$0.00,
145,,,,,,,No,,,,,,,,,,$0.00,$0.00,$0.00,$0.00,
146,,,,,,,No,,,,,,,,,,$0.00,$0.00,$0.00,$0.00,
147,,,,,,,No,,,,,,,,,,$0.00,$0.00,$0.00,$0.00,
148,,,,,,,No,,,,,,,,,,$0.00,$0.00,$0.00,$0.00,
149,,,,,,,No,,,,,,,,,,$0.00,$0.00,$0.00,$0.00,
150,,,,,,,No,,,,,,,,,,$0.00,$0.00,$0.00,$0.00,
151,,,,,,,No,,,,,,,,,,$0.00,$0.00,$0.00,$0.00,
152,,,,,,,No,,,,,,,,,,$0.00,$0.00,$0.00,$0.00,
153,,,,,,,No,,,,,,,,,,$0.00,$0.00,$0.00,$0.00,
154,,,,,,,No,,,,,,,,,,$0.00,$0.00,$0.00,$0.00,
155,,,,,,,No,,,,,,,,,,$0.00,$0.00,$0.00,$0.00,
156,,,,,,,No,,,,,,,,,,$0.00,$0.00,$0.00,$0.00,
157,,,,,,,No,,,,,,,,,,$0.00,$0.00,$0.00,$0.00,
158,,,,,,,No,,,,,,,,,,$0.00,$0.00,$0.00,$0.00,
159,,,,,,,No,,,,,,,,,,$0.00,$0.00,$0.00,$0.00,
160,,,,,,,No,,,,,,,,,,$0.00,$0.00,$0.00,$0.00,
161,,,,,,,No,,,,,,,,,,$0.00,$0.00,$0.00,$0.00,
162,,,,,,,No,,,,,,,,,,$0.00,$0.00,$0.00,$0.00,
163,,,,,,,No,,,,,,,,,,$0.00,$0.00,$0.00,$0.00,
164,,,,,,,No,,,,,,,,,,$0.00,$0.00,$0.00,$0.00,
165,,,,,,,No,,,,,,,,,,$0.00,$0.00,$0.00,$0.00,
166,,,,,,,No,,,,,,,,,,$0.00,$0.00,$0.00,$0.00,
167,,,,,,,No,,,,,,,,,,$0.00,$0.00,$0.00,$0.00,
168,,,,,,,No,,,,,,,,,,$0.00,$0.00,$0.00,$0.00,
169,,,,,,,No,,,,,,,,,,$0.00,$0.00,$0.00,$0.00,
170,,,,,,,No,,,,,,,,,,$0.00,$0.00,$0.00,$0.00,
171,,,,,,,No,,,,,,,,,,$0.00,$0.00,$0.00,$0.00,
172,,,,,,,No,,,,,,,,,,$0.00,$0.00,$0.00,$0.00,
173,,,,,,,No,,,,,,,,,,$0.00,$0.00,$0.00,$0.00,
174,,,,,,,No,,,,,,,,,,$0.00,$0.00,$0.00,$0.00,
175,,,,,,,No,,,,,,,,,,$0.00,$0.00,$0.00,$0.00,
176,,,,,,,No,,,,,,,,,,$0.00,$0.00,$0.00,$0.00,
177,,,,,,,No,,,,,,,,,,$0.00,$0.00,$0.00,$0.00,
178,,,,,,,No,,,,,,,,,,$0.00,$0.00,$0.00,$0.00,
179,,,,,,,No,,,,,,,,,,$0.00,$0.00,$0.00,$0.00,
180,,,,,,,No,,,,,,,,,,$0.00,$0.00,$0.00,$0.00,
181,,,,,,,No,,,,,,,,,,$0.00,$0.00,$0.00,$0.00,
182,,,,,,,No,,,,,,,,,,$0.00,$0.00,$0.00,$0.00,
183,,,,,,,No,,,,,,,,,,$0.00,$0.00,$0.00,$0.00,
184,,,,,,,No,,,,,,,,,,$0.00,$0.00,$0.00,$0.00,
185,,,,,,,No,,,,,,,,,,$0.00,$0.00,$0.00,$0.00,
186,,,,,,,No,,,,,,,,,,$0.00,$0.00,$0.00,$0.00,
187,,,,,,,No,,,,,,,,,,$0.00,$0.00,$0.00,$0.00,
188,,,,,,,No,,,,,,,,,,$0.00,$0.00,$0.00,$0.00,
189,,,,,,,No,,,,,,,,,,$0.00,$0.00,$0.00,$0.00,
190,,,,,,,No,,,,,,,,,,$0.00,$0.00,$0.00,$0.00,
191,,,,,,,No,,,,,,,,,,$0.00,$0.00,$0.00,$0.00,
192,,,,,,,No,,,,,,,,,,$0.00,$0.00,$0.00,$0.00,
193,,,,,,,No,,,,,,,,,,$0.00,$0.00,$0.00,$0.00,
194,,,,,,,No,,,,,,,,,,$0.00,$0.00,$0.00,$0.00,
195,,,,,,,No,,,,,,,,,,$0.00,$0.00,$0.00,$0.00,
196,,,,,,,No,,,,,,,,,,$0.00,$0.00,$0.00,$0.00,
197,,,,,,,No,,,,,,,,,,$0.00,$0.00,$0.00,$0.00,
198,,,,,,,No,,,,,,,,,,$0.00,$0.00,$0.00,$0.00,
199,,,,,,,No,,,,,,,,,,$0.00,$0.00,$0.00,$0.00,
200,,,,,,,No,,,,,,,,,,$0.00,$0.00,$0.00,$0.00,
201,,,,,,,No,,,,,,,,,,$0.00,$0.00,$0.00,$0.00,
202,,,,,,,No,,,,,,,,,,$0.00,$0.00,$0.00,$0.00,
203,,,,,,,No,,,,,,,,,,$0.00,$0.00,$0.00,$0.00,
204,,,,,,,No,,,,,,,,,,$0.00,$0.00,$0.00,$0.00,
205,,,,,,,No,,,,,,,,,,$0.00,$0.00,$0.00,$0.00,
206,,,,,,,No,,,,,,,,,,$0.00,$0.00,$0.00,$0.00,
207,,,,,,,No,,,,,,,,,,$0.00,$0.00,$0.00,$0.00,
208,,,,,,,No,,,,,,,,,,$0.00,$0.00,$0.00,$0.00,
209,,,,,,,No,,,,,,,,,,$0.00,$0.00,$0.00,$0.00,
210,,,,,,,No,,,,,,,,,,$0.00,$0.00,$0.00,$0.00,
211,,,,,,,No,,,,,,,,,,$0.00,$0.00,$0.00,$0.00,
212,,,,,,,No,,,,,,,,,,$0.00,$0.00,$0.00,$0.00,
213,,,,,,,No,,,,,,,,,,$0.00,$0.00,$0.00,$0.00,
214,,,,,,,No,,,,,,,,,,$0.00,$0.00,$0.00,$0.00,
215,,,,,,,No,,,,,,,,,,$0.00,$0.00,$0.00,$0.00,
216,,,,,,,No,,,,,,,,,,$0.00,$0.00,$0.00,$0.00,
217,,,,,,,No,,,,,,,,,,$0.00,$0.00,$0.00,$0.00,
218,,,,,,,No,,,,,,,,,,$0.00,$0.00,$0.00,$0.00,
219,,,,,,,No,,,,,,,,,,$0.00,$0.00,$0.00,$0.00,
220,,,,,,,No,,,,,,,,,,$0.00,$0.00,$0.00,$0.00,
221,,,,,,,No,,,,,,,,,,$0.00,$0.00,$0.00,$0.00,
222,,,,,,,No,,,,,,,,,,$0.00,$0.00,$0.00,$0.00,
223,,,,,,,No,,,,,,,,,,$0.00,$0.00,$0.00,$0.00,
224,,,,,,,No,,,,,,,,,,$0.00,$0.00,$0.00,$0.00,
225,,,,,,,No,,,,,,,,,,$0.00,$0.00,$0.00,$0.00,
226,,,,,,,No,,,,,,,,,,$0.00,$0.00,$0.00,$0.00,
227,,,,,,,No,,,,,,,,,,$0.00,$0.00,$0.00,$0.00,
228,,,,,,,No,,,,,,,,,,$0.00,$0.00,$0.00,$0.00,
229,,,,,,,No,,,,,,,,,,$0.00,$0.00,$0.00,$0.00,
230,,,,,,,No,,,,,,,,,,$0.00,$0.00,$0.00,$0.00,
231,,,,,,,No,,,,,,,,,,$0.00,$0.00,$0.00,$0.00,
232,,,,,,,No,,,,,,,,,,$0.00,$0.00,$0.00,$0.00,
233,,,,,,,No,,,,,,,,,,$0.00,$0.00,$0.00,$0.00,
234,,,,,,,No,,,,,,,,,,$0.00,$0.00,$0.00,$0.00,
235,,,,,,,No,,,,,,,,,,$0.00,$0.00,$0.00,$0.00,
236,,,,,,,No,,,,,,,,,,$0.00,$0.00,$0.00,$0.00,
237,,,,,,,No,,,,,,,,,,$0.00,$0.00,$0.00,$0.00,
238,,,,,,,No,,,,,,,,,,$0.00,$0.00,$0.00,$0.00,
239,,,,,,,No,,,,,,,,,,$0.00,$0.00,$0.00,$0.00,
240,,,,,,,No,,,,,,,,,,$0.00,$0.00,$0.00,$0.00,
241,,,,,,,No,,,,,,,,,,$0.00,$0.00,$0.00,$0.00,
242,,,,,,,No,,,,,,,,,,$0.00,$0.00,$0.00,$0.00,
243,,,,,,,No,,,,,,,,,,$0.00,$0.00,$0.00,$0.00,
244,,,,,,,No,,,,,,,,,,$0.00,$0.00,$0.00,$0.00,
245,,,,,,,No,,,,,,,,,,$0.00,$0.00,$0.00,$0.00,
246,,,,,,,No,,,,,,,,,,$0.00,$0.00,$0.00,$0.00,
247,,,,,,,No,,,,,,,,,,$0.00,$0.00,$0.00,$0.00,
248,,,,,,,No,,,,,,,,,,$0.00,$0.00,$0.00,$0.00,
249,,,,,,,No,,,,,,,,,,$0.00,$0.00,$0.00,$0.00,
250,,,,,,,No,,,,,,,,,,$0.00,$0.00,$0.00,$0.00,
251,,,,,,,No,,,,,,,,,,$0.00,$0.00,$0.00,$0.00,
252,,,,,,,No,,,,,,,,,,$0.00,$0.00,$0.00,$0.00,
253,,,,,,,No,,,,,,,,,,$0.00,$0.00,$0.00,$0.00,
254,,,,,,,No,,,,,,,,,,$0.00,$0.00,$0.00,$0.00,
255,,,,,,,No,,,,,,,,,,$0.00,$0.00,$0.00,$0.00,
256,,,,,,,No,,,,,,,,,,$0.00,$0.00,$0.00,$0.00,
257,,,,,,,No,,,,,,,,,,$0.00,$0.00,$0.00,$0.00,
258,,,,,,,No,,,,,,,,,,$0.00,$0.00,$0.00,$0.00,
259,,,,,,,No,,,,,,,,,,$0.00,$0.00,$0.00,$0.00,
260,,,,,,,No,,,,,,,,,,$0.00,$0.00,$0.00,$0.00,
261,,,,,,,No,,,,,,,,,,$0.00,$0.00,$0.00,$0.00,
262,,,,,,,No,,,,,,,,,,$0.00,$0.00,$0.00,$0.00,
263,,,,,,,No,,,,,,,,,,$0.00,$0.00,$0.00,$0.00,
264,,,,,,,No,,,,,,,,,,$0.00,$0.00,$0.00,$0.00,
265,,,,,,,No,,,,,,,,,,$0.00,$0.00,$0.00,$0.00,
266,,,,,,,No,,,,,,,,,,$0.00,$0.00,$0.00,$0.00,
267,,,,,,,No,,,,,,,,,,$0.00,$0.00,$0.00,$0.00,
268,,,,,,,No,,,,,,,,,,$0.00,$0.00,$0.00,$0.00,
269,,,,,,,No,,,,,,,,,,$0.00,$0.00,$0.00,$0.00,
270,,,,,,,No,,,,,,,,,,$0.00,$0.00,$0.00,$0.00,
271,,,,,,,No,,,,,,,,,,$0.00,$0.00,$0.00,$0.00,
272,,,,,,,No,,,,,,,,,,$0.00,$0.00,$0.00,$0.00,
273,,,,,,,No,,,,,,,,,,$0.00,$0.00,$0.00,$0.00,
274,,,,,,,No,,,,,,,,,,$0.00,$0.00,$0.00,$0.00,
275,,,,,,,No,,,,,,,,,,$0.00,$0.00,$0.00,$0.00,
276,,,,,,,No,,,,,,,,,,$0.00,$0.00,$0.00,$0.00,
277,,,,,,,No,,,,,,,,,,$0.00,$0.00,$0.00,$0.00,
278,,,,,,,No,,,,,,,,,,$0.00,$0.00,$0.00,$0.00,
279,,,,,,,No,,,,,,,,,,$0.00,$0.00,$0.00,$0.00,
280,,,,,,,No,,,,,,,,,,$0.00,$0.00,$0.00,$0.00,
281,,,,,,,No,,,,,,,,,,$0.00,$0.00,$0.00,$0.00,
282,,,,,,,No,,,,,,,,,,$0.00,$0.00,$0.00,$0.00,
283,,,,,,,No,,,,,,,,,,$0.00,$0.00,$0.00,$0.00,
284,,,,,,,No,,,,,,,,,,$0.00,$0.00,$0.00,$0.00,
285,,,,,,,No,,,,,,,,,,$0.00,$0.00,$0.00,$0.00,
286,,,,,,,No,,,,,,,,,,$0.00,$0.00,$0.00,$0.00,
287,,,,,,,No,,,,,,,,,,$0.00,$0.00,$0.00,$0.00,
288,,,,,,,No,,,,,,,,,,$0.00,$0.00,$0.00,$0.00,
289,,,,,,,No,,,,,,,,,,$0.00,$0.00,$0.00,$0.00,
290,,,,,,,No,,,,,,,,,,$0.00,$0.00,$0.00,$0.00,
291,,,,,,,No,,,,,,,,,,$0.00,$0.00,$0.00,$0.00,
292,,,,,,,No,,,,,,,,,,$0.00,$0.00,$0.00,$0.00,
293,,,,,,,No,,,,,,,,,,$0.00,$0.00,$0.00,$0.00,
294,,,,,,,No,,,,,,,,,,$0.00,$0.00,$0.00,$0.00,
295,,,,,,,No,,,,,,,,,,$0.00,$0.00,$0.00,$0.00,
296,,,,,,,No,,,,,,,,,,$0.00,$0.00,$0.00,$0.00,
297,,,,,,,No,,,,,,,,,,$0.00,$0.00,$0.00,$0.00,
298,,,,,,,No,,,,,,,,,,$0.00,$0.00,$0.00,$0.00,
299,,,,,,,No,,,,,,,,,,$0.00,$0.00,$0.00,$0.00,
300,,,,,,,No,,,,,,,,,,$0.00,$0.00,$0.00,$0.00,
301,,,,,,,No,,,,,,,,,,$0.00,$0.00,$0.00,$0.00,
302,,,,,,,No,,,,,,,,,,$0.00,$0.00,$0.00,$0.00,
303,,,,,,,No,,,,,,,,,,$0.00,$0.00,$0.00,$0.00,
304,,,,,,,No,,,,,,,,,,$0.00,$0.00,$0.00,$0.00,
305,,,,,,,No,,,,,,,,,,$0.00,$0.00,$0.00,$0.00,
306,,,,,,,No,,,,,,,,,,$0.00,$0.00,$0.00,$0.00,
307,,,,,,,No,,,,,,,,,,$0.00,$0.00,$0.00,$0.00,
308,,,,,,,No,,,,,,,,,,$0.00,$0.00,$0.00,$0.00,
309,,,,,,,No,,,,,,,,,,$0.00,$0.00,$0.00,$0.00,
310,,,,,,,No,,,,,,,,,,$0.00,$0.00,$0.00,$0.00,
311,,,,,,,No,,,,,,,,,,$0.00,$0.00,$0.00,$0.00,
312,,,,,,,No,,,,,,,,,,$0.00,$0.00,$0.00,$0.00,
313,,,,,,,No,,,,,,,,,,$0.00,$0.00,$0.00,$0.00,
314,,,,,,,No,,,,,,,,,,$0.00,$0.00,$0.00,$0.00,
315,,,,,,,No,,,,,,,,,,$0.00,$0.00,$0.00,$0.00,
316,,,,,,,No,,,,,,,,,,$0.00,$0.00,$0.00,$0.00,
317,,,,,,,No,,,,,,,,,,$0.00,$0.00,$0.00,$0.00,
318,,,,,,,No,,,,,,,,,,$0.00,$0.00,$0.00,$0.00,
319,,,,,,,No,,,,,,,,,,$0.00,$0.00,$0.00,$0.00,
320,,,,,,,No,,,,,,,,,,$0.00,$0.00,$0.00,$0.00,
321,,,,,,,No,,,,,,,,,,$0.00,$0.00,$0.00,$0.00,
322,,,,,,,No,,,,,,,,,,$0.00,$0.00,$0.00,$0.00,
323,,,,,,,No,,,,,,,,,,$0.00,$0.00,$0.00,$0.00,
324,,,,,,,No,,,,,,,,,,$0.00,$0.00,$0.00,$0.00,
325,,,,,,,No,,,,,,,,,,$0.00,$0.00,$0.00,$0.00,
326,,,,,,,No,,,,,,,,,,$0.00,$0.00,$0.00,$0.00,
327,,,,,,,No,,,,,,,,,,$0.00,$0.00,$0.00,$0.00,
328,,,,,,,No,,,,,,,,,,$0.00,$0.00,$0.00,$0.00,
329,,,,,,,No,,,,,,,,,,$0.00,$0.00,$0.00,$0.00,
330,,,,,,,No,,,,,,,,,,$0.00,$0.00,$0.00,$0.00,
331,,,,,,,No,,,,,,,,,,$0.00,$0.00,$0.00,$0.00,
332,,,,,,,No,,,,,,,,,,$0.00,$0.00,$0.00,$0.00,
333,,,,,,,No,,,,,,,,,,$0.00,$0.00,$0.00,$0.00,
334,,,,,,,No,,,,,,,,,,$0.00,$0.00,$0.00,$0.00,
335,,,,,,,No,,,,,,,,,,$0.00,$0.00,$0.00,$0.00,
336,,,,,,,No,,,,,,,,,,$0.00,$0.00,$0.00,$0.00,
337,,,,,,,No,,,,,,,,,,$0.00,$0.00,$0.00,$0.00,
338,,,,,,,No,,,,,,,,,,$0.00,$0.00,$0.00,$0.00,
339,,,,,,,No,,,,,,,,,,$0.00,$0.00,$0.00,$0.00,
340,,,,,,,No,,,,,,,,,,$0.00,$0.00,$0.00,$0.00,
341,,,,,,,No,,,,,,,,,,$0.00,$0.00,$0.00,$0.00,
342,,,,,,,No,,,,,,,,,,$0.00,$0.00,$0.00,$0.00,
343,,,,,,,No,,,,,,,,,,$0.00,$0.00,$0.00,$0.00,
344,,,,,,,No,,,,,,,,,,$0.00,$0.00,$0.00,$0.00,
345,,,,,,,No,,,,,,,,,,$0.00,$0.00,$0.00,$0.00,
346,,,,,,,No,,,,,,,,,,$0.00,$0.00,$0.00,$0.00,
347,,,,,,,No,,,,,,,,,,$0.00,$0.00,$0.00,$0.00,
348,,,,,,,No,,,,,,,,,,$0.00,$0.00,$0.00,$0.00,
349,,,,,,,No,,,,,,,,,,$0.00,$0.00,$0.00,$0.00,
350,,,,,,,No,,,,,,,,,,$0.00,$0.00,$0.00,$0.00,
351,,,,,,,No,,,,,,,,,,$0.00,$0.00,$0.00,$0.00,
352,,,,,,,No,,,,,,,,,,$0.00,$0.00,$0.00,$0.00,
353,,,,,,,No,,,,,,,,,,$0.00,$0.00,$0.00,$0.00,
354,,,,,,,No,,,,,,,,,,$0.00,$0.00,$0.00,$0.00,
355,,,,,,,No,,,,,,,,,,$0.00,$0.00,$0.00,$0.00,
356,,,,,,,No,,,,,,,,,,$0.00,$0.00,$0.00,$0.00,
357,,,,,,,No,,,,,,,,,,$0.00,$0.00,$0.00,$0.00,
358,,,,,,,No,,,,,,,,,,$0.00,$0.00,$0.00,$0.00,
359,,,,,,,No,,,,,,,,,,$0.00,$0.00,$0.00,$0.00,
360,,,,,,,No,,,,,,,,,,$0.00,$0.00,$0.00,$0.00,
361,,,,,,,No,,,,,,,,,,$0.00,$0.00,$0.00,$0.00,
362,,,,,,,No,,,,,,,,,,$0.00,$0.00,$0.00,$0.00,
363,,,,,,,No,,,,,,,,,,$0.00,$0.00,$0.00,$0.00,
364,,,,,,,No,,,,,,,,,,$0.00,$0.00,$0.00,$0.00,
365,,,,,,,No,,,,,,,,,,$0.00,$0.00,$0.00,$0.00,
366,,,,,,,No,,,,,,,,,,$0.00,$0.00,$0.00,$0.00,
367,,,,,,,No,,,,,,,,,,$0.00,$0.00,$0.00,$0.00,
368,,,,,,,No,,,,,,,,,,$0.00,$0.00,$0.00,$0.00,
369,,,,,,,No,,,,,,,,,,$0.00,$0.00,$0.00,$0.00,
370,,,,,,,No,,,,,,,,,,$0.00,$0.00,$0.00,$0.00,
371,,,,,,,No,,,,,,,,,,$0.00,$0.00,$0.00,$0.00,
372,,,,,,,No,,,,,,,,,,$0.00,$0.00,$0.00,$0.00,
373,,,,,,,No,,,,,,,,,,$0.00,$0.00,$0.00,$0.00,
374,,,,,,,No,,,,,,,,,,$0.00,$0.00,$0.00,$0.00,
375,,,,,,,No,,,,,,,,,,$0.00,$0.00,$0.00,$0.00,
376,,,,,,,No,,,,,,,,,,$0.00,$0.00,$0.00,$0.00,
377,,,,,,,No,,,,,,,,,,$0.00,$0.00,$0.00,$0.00,
378,,,,,,,No,,,,,,,,,,$0.00,$0.00,$0.00,$0.00,
379,,,,,,,No,,,,,,,,,,$0.00,$0.00,$0.00,$0.00,
380,,,,,,,No,,,,,,,,,,$0.00,$0.00,$0.00,$0.00,
381,,,,,,,No,,,,,,,,,,$0.00,$0.00,$0.00,$0.00,
382,,,,,,,No,,,,,,,,,,$0.00,$0.00,$0.00,$0.00,
383,,,,,,,No,,,,,,,,,,$0.00,$0.00,$0.00,$0.00,
384,,,,,,,No,,,,,,,,,,$0.00,$0.00,$0.00,$0.00,
385,,,,,,,No,,,,,,,,,,$0.00,$0.00,$0.00,$0.00,
386,,,,,,,No,,,,,,,,,,$0.00,$0.00,$0.00,$0.00,
387,,,,,,,No,,,,,,,,,,$0.00,$0.00,$0.00,$0.00,
388,,,,,,,No,,,,,,,,,,$0.00,$0.00,$0.00,$0.00,
389,,,,,,,No,,,,,,,,,,$0.00,$0.00,$0.00,$0.00,
390,,,,,,,No,,,,,,,,,,$0.00,$0.00,$0.00,$0.00,
391,,,,,,,No,,,,,,,,,,$0.00,$0.00,$0.00,$0.00,
392,,,,,,,No,,,,,,,,,,$0.00,$0.00,$0.00,$0.00,
393,,,,,,,No,,,,,,,,,,$0.00,$0.00,$0.00,$0.00,
394,,,,,,,No,,,,,,,,,,$0.00,$0.00,$0.00,$0.00,
395,,,,,,,No,,,,,,,,,,$0.00,$0.00,$0.00,$0.00,
396,,,,,,,No,,,,,,,,,,$0.00,$0.00,$0.00,$0.00,
397,,,,,,,No,,,,,,,,,,$0.00,$0.00,$0.00,$0.00,
398,,,,,,,No,,,,,,,,,,$0.00,$0.00,$0.00,$0.00,
399,,,,,,,No,,,,,,,,,,$0.00,$0.00,$0.00,$0.00,
400,,,,,,,No,,,,,,,,,,$0.00,$0.00,$0.00,$0.00,
401,,,,,,,No,,,,,,,,,,$0.00,$0.00,$0.00,$0.00,
402,,,,,,,No,,,,,,,,,,$0.00,$0.00,$0.00,$0.00,
403,,,,,,,No,,,,,,,,,,$0.00,$0.00,$0.00,$0.00,
404,,,,,,,No,,,,,,,,,,$0.00,$0.00,$0.00,$0.00,
405,,,,,,,No,,,,,,,,,,$0.00,$0.00,$0.00,$0.00,
406,,,,,,,No,,,,,,,,,,$0.00,$0.00,$0.00,$0.00,
407,,,,,,,No,,,,,,,,,,$0.00,$0.00,$0.00,$0.00,
408,,,,,,,No,,,,,,,,,,$0.00,$0.00,$0.00,$0.00,
409,,,,,,,No,,,,,,,,,,$0.00,$0.00,$0.00,$0.00,
410,,,,,,,No,,,,,,,,,,$0.00,$0.00,$0.00,$0.00,
411,,,,,,,No,,,,,,,,,,$0.00,$0.00,$0.00,$0.00,
412,,,,,,,No,,,,,,,,,,$0.00,$0.00,$0.00,$0.00,
413,,,,,,,No,,,,,,,,,,$0.00,$0.00,$0.00,$0.00,
414,,,,,,,No,,,,,,,,,,$0.00,$0.00,$0.00,$0.00,
415,,,,,,,No,,,,,,,,,,$0.00,$0.00,$0.00,$0.00,
416,,,,,,,No,,,,,,,,,,$0.00,$0.00,$0.00,$0.00,
417,,,,,,,No,,,,,,,,,,$0.00,$0.00,$0.00,$0.00,
418,,,,,,,No,,,,,,,,,,$0.00,$0.00,$0.00,$0.00,
419,,,,,,,No,,,,,,,,,,$0.00,$0.00,$0.00,$0.00,
420,,,,,,,No,,,,,,,,,,$0.00,$0.00,$0.00,$0.00,
421,,,,,,,No,,,,,,,,,,$0.00,$0.00,$0.00,$0.00,
422,,,,,,,No,,,,,,,,,,$0.00,$0.00,$0.00,$0.00,
423,,,,,,,No,,,,,,,,,,$0.00,$0.00,$0.00,$0.00,
424,,,,,,,No,,,,,,,,,,$0.00,$0.00,$0.00,$0.00,
425,,,,,,,No,,,,,,,,,,$0.00,$0.00,$0.00,$0.00,
426,,,,,,,No,,,,,,,,,,$0.00,$0.00,$0.00,$0.00,
427,,,,,,,No,,,,,,,,,,$0.00,$0.00,$0.00,$0.00,
428,,,,,,,No,,,,,,,,,,$0.00,$0.00,$0.00,$0.00,
429,,,,,,,No,,,,,,,,,,$0.00,$0.00,$0.00,$0.00,
430,,,,,,,No,,,,,,,,,,$0.00,$0.00,$0.00,$0.00,
431,,,,,,,No,,,,,,,,,,$0.00,$0.00,$0.00,$0.00,
432,,,,,,,No,,,,,,,,,,$0.00,$0.00,$0.00,$0.00,
433,,,,,,,No,,,,,,,,,,$0.00,$0.00,$0.00,$0.00,
434,,,,,,,No,,,,,,,,,,$0.00,$0.00,$0.00,$0.00,
435,,,,,,,No,,,,,,,,,,$0.00,$0.00,$0.00,$0.00,
436,,,,,,,No,,,,,,,,,,$0.00,$0.00,$0.00,$0.00,
437,,,,,,,No,,,,,,,,,,$0.00,$0.00,$0.00,$0.00,
438,,,,,,,No,,,,,,,,,,$0.00,$0.00,$0.00,$0.00,
439,,,,,,,No,,,,,,,,,,$0.00,$0.00,$0.00,$0.00,
440,,,,,,,No,,,,,,,,,,$0.00,$0.00,$0.00,$0.00,
441,,,,,,,No,,,,,,,,,,$0.00,$0.00,$0.00,$0.00,
442,,,,,,,No,,,,,,,,,,$0.00,$0.00,$0.00,$0.00,
443,,,,,,,No,,,,,,,,,,$0.00,$0.00,$0.00,$0.00,
444,,,,,,,No,,,,,,,,,,$0.00,$0.00,$0.00,$0.00,
445,,,,,,,No,,,,,,,,,,$0.00,$0.00,$0.00,$0.00,
446,,,,,,,No,,,,,,,,,,$0.00,$0.00,$0.00,$0.00,
447,,,,,,,No,,,,,,,,,,$0.00,$0.00,$0.00,$0.00,
448,,,,,,,No,,,,,,,,,,$0.00,$0.00,$0.00,$0.00,
449,,,,,,,No,,,,,,,,,,$0.00,$0.00,$0.00,$0.00,
450,,,,,,,No,,,,,,,,,,$0.00,$0.00,$0.00,$0.00,
451,,,,,,,No,,,,,,,,,,$0.00,$0.00,$0.00,$0.00,
452,,,,,,,No,,,,,,,,,,$0.00,$0.00,$0.00,$0.00,
453,,,,,,,No,,,,,,,,,,$0.00,$0.00,$0.00,$0.00,
454,,,,,,,No,,,,,,,,,,$0.00,$0.00,$0.00,$0.00,
455,,,,,,,No,,,,,,,,,,$0.00,$0.00,$0.00,$0.00,
456,,,,,,,No,,,,,,,,,,$0.00,$0.00,$0.00,$0.00,
457,,,,,,,No,,,,,,,,,,$0.00,$0.00,$0.00,$0.00,
458,,,,,,,No,,,,,,,,,,$0.00,$0.00,$0.00,$0.00,
459,,,,,,,No,,,,,,,,,,$0.00,$0.00,$0.00,$0.00,
460,,,,,,,No,,,,,,,,,,$0.00,$0.00,$0.00,$0.00,
461,,,,,,,No,,,,,,,,,,$0.00,$0.00,$0.00,$0.00,
462,,,,,,,No,,,,,,,,,,$0.00,$0.00,$0.00,$0.00,
463,,,,,,,No,,,,,,,,,,$0.00,$0.00,$0.00,$0.00,
464,,,,,,,No,,,,,,,,,,$0.00,$0.00,$0.00,$0.00,
465,,,,,,,No,,,,,,,,,,$0.00,$0.00,$0.00,$0.00,
466,,,,,,,No,,,,,,,,,,$0.00,$0.00,$0.00,$0.00,
467,,,,,,,No,,,,,,,,,,$0.00,$0.00,$0.00,$0.00,
468,,,,,,,No,,,,,,,,,,$0.00,$0.00,$0.00,$0.00,
469,,,,,,,No,,,,,,,,,,$0.00,$0.00,$0.00,$0.00,
470,,,,,,,No,,,,,,,,,,$0.00,$0.00,$0.00,$0.00,
471,,,,,,,No,,,,,,,,,,$0.00,$0.00,$0.00,$0.00,
472,,,,,,,No,,,,,,,,,,$0.00,$0.00,$0.00,$0.00,
473,,,,,,,No,,,,,,,,,,$0.00,$0.00,$0.00,$0.00,
474,,,,,,,No,,,,,,,,,,$0.00,$0.00,$0.00,$0.00,
475,,,,,,,No,,,,,,,,,,$0.00,$0.00,$0.00,$0.00,
476,,,,,,,No,,,,,,,,,,$0.00,$0.00,$0.00,$0.00,
477,,,,,,,No,,,,,,,,,,$0.00,$0.00,$0.00,$0.00,
478,,,,,,,No,,,,,,,,,,$0.00,$0.00,$0.00,$0.00,
479,,,,,,,No,,,,,,,,,,$0.00,$0.00,$0.00,$0.00,
480,,,,,,,No,,,,,,,,,,$0.00,$0.00,$0.00,$0.00,
481,,,,,,,No,,,,,,,,,,$0.00,$0.00,$0.00,$0.00,
482,,,,,,,No,,,,,,,,,,$0.00,$0.00,$0.00,$0.00,
483,,,,,,,No,,,,,,,,,,$0.00,$0.00,$0.00,$0.00,
484,,,,,,,No,,,,,,,,,,$0.00,$0.00,$0.00,$0.00,
485,,,,,,,No,,,,,,,,,,$0.00,$0.00,$0.00,$0.00,
486,,,,,,,No,,,,,,,,,,$0.00,$0.00,$0.00,$0.00,
487,,,,,,,No,,,,,,,,,,$0.00,$0.00,$0.00,$0.00,
488,,,,,,,No,,,,,,,,,,$0.00,$0.00,$0.00,$0.00,
489,,,,,,,No,,,,,,,,,,$0.00,$0.00,$0.00,$0.00,
490,,,,,,,No,,,,,,,,,,$0.00,$0.00,$0.00,$0.00,
491,,,,,,,No,,,,,,,,,,$0.00,$0.00,$0.00,$0.00,
492,,,,,,,No,,,,,,,,,,$0.00,$0.00,$0.00,$0.00,
493,,,,,,,No,,,,,,,,,,$0.00,$0.00,$0.00,$0.00,
494,,,,,,,No,,,,,,,,,,$0.00,$0.00,$0.00,$0.00,
495,,,,,,,No,,,,,,,,,,$0.00,$0.00,$0.00,$0.00,
496,,,,,,,No,,,,,,,,,,$0.00,$0.00,$0.00,$0.00,
497,,,,,,,No,,,,,,,,,,$0.00,$0.00,$0.00,$0.00,
498,,,,,,,No,,,,,,,,,,$0.00,$0.00,$0.00,$0.00,
499,,,,,,,No,,,,,,,,,,$0.00,$0.00,$0.00,$0.00,
500,,,,,,,No,,,,,,,,,,$0.00,$0.00,$0.00,$0.00,
501,,,,,,,No,,,,,,,,,,$0.00,$0.00,$0.00,$0.00,
502,,,,,,,No,,,,,,,,,,$0.00,$0.00,$0.00,$0.00,
503,,,,,,,No,,,,,,,,,,$0.00,$0.00,$0.00,$0.00,
504,,,,,,,No,,,,,,,,,,$0.00,$0.00,$0.00,$0.00,
505,,,,,,,No,,,,,,,,,,$0.00,$0.00,$0.00,$0.00,
506,,,,,,,No,,,,,,,,,,$0.00,$0.00,$0.00,$0.00,
507,,,,,,,No,,,,,,,,,,$0.00,$0.00,$0.00,$0.00,
508,,,,,,,No,,,,,,,,,,$0.00,$0.00,$0.00,$0.00,
509,,,,,,,No,,,,,,,,,,$0.00,$0.00,$0.00,$0.00,
510,,,,,,,No,,,,,,,,,,$0.00,$0.00,$0.00,$0.00,
511,,,,,,,No,,,,,,,,,,$0.00,$0.00,$0.00,$0.00,
512,,,,,,,No,,,,,,,,,,$0.00,$0.00,$0.00,$0.00,
513,,,,,,,No,,,,,,,,,,$0.00,$0.00,$0.00,$0.00,
514,,,,,,,No,,,,,,,,,,$0.00,$0.00,$0.00,$0.00,
515,,,,,,,No,,,,,,,,,,$0.00,$0.00,$0.00,$0.00,
516,,,,,,,No,,,,,,,,,,$0.00,$0.00,$0.00,$0.00,
517,,,,,,,No,,,,,,,,,,$0.00,$0.00,$0.00,$0.00,
518,,,,,,,No,,,,,,,,,,$0.00,$0.00,$0.00,$0.00,
519,,,,,,,No,,,,,,,,,,$0.00,$0.00,$0.00,$0.00,
520,,,,,,,No,,,,,,,,,,$0.00,$0.00,$0.00,$0.00,
521,,,,,,,No,,,,,,,,,,$0.00,$0.00,$0.00,$0.00,
522,,,,,,,No,,,,,,,,,,$0.00,$0.00,$0.00,$0.00,
523,,,,,,,No,,,,,,,,,,$0.00,$0.00,$0.00,$0.00,
524,,,,,,,No,,,,,,,,,,$0.00,$0.00,$0.00,$0.00,
525,,,,,,,No,,,,,,,,,,$0.00,$0.00,$0.00,$0.00,
526,,,,,,,No,,,,,,,,,,$0.00,$0.00,$0.00,$0.00,
527,,,,,,,No,,,,,,,,,,$0.00,$0.00,$0.00,$0.00,
528,,,,,,,No,,,,,,,,,,$0.00,$0.00,$0.00,$0.00,
529,,,,,,,No,,,,,,,,,,$0.00,$0.00,$0.00,$0.00,
530,,,,,,,No,,,,,,,,,,$0.00,$0.00,$0.00,$0.00,
531,,,,,,,No,,,,,,,,,,$0.00,$0.00,$0.00,$0.00,
532,,,,,,,No,,,,,,,,,,$0.00,$0.00,$0.00,$0.00,
533,,,,,,,No,,,,,,,,,,$0.00,$0.00,$0.00,$0.00,
534,,,,,,,No,,,,,,,,,,$0.00,$0.00,$0.00,$0.00,
535,,,,,,,No,,,,,,,,,,$0.00,$0.00,$0.00,$0.00,
536,,,,,,,No,,,,,,,,,,$0.00,$0.00,$0.00,$0.00,
537,,,,,,,No,,,,,,,,,,$0.00,$0.00,$0.00,$0.00,
538,,,,,,,No,,,,,,,,,,$0.00,$0.00,$0.00,$0.00,
539,,,,,,,No,,,,,,,,,,$0.00,$0.00,$0.00,$0.00,
540,,,,,,,No,,,,,,,,,,$0.00,$0.00,$0.00,$0.00,
541,,,,,,,No,,,,,,,,,,$0.00,$0.00,$0.00,$0.00,
542,,,,,,,No,,,,,,,,,,$0.00,$0.00,$0.00,$0.00,
543,,,,,,,No,,,,,,,,,,$0.00,$0.00,$0.00,$0.00,
544,,,,,,,No,,,,,,,,,,$0.00,$0.00,$0.00,$0.00,
545,,,,,,,No,,,,,,,,,,$0.00,$0.00,$0.00,$0.00,
546,,,,,,,No,,,,,,,,,,$0.00,$0.00,$0.00,$0.00,
547,,,,,,,No,,,,,,,,,,$0.00,$0.00,$0.00,$0.00,
548,,,,,,,No,,,,,,,,,,$0.00,$0.00,$0.00,$0.00,
549,,,,,,,No,,,,,,,,,,$0.00,$0.00,$0.00,$0.00,
550,,,,,,,No,,,,,,,,,,$0.00,$0.00,$0.00,$0.00,
551,,,,,,,No,,,,,,,,,,$0.00,$0.00,$0.00,$0.00,
552,,,,,,,No,,,,,,,,,,$0.00,$0.00,$0.00,$0.00,
553,,,,,,,No,,,,,,,,,,$0.00,$0.00,$0.00,$0.00,
554,,,,,,,No,,,,,,,,,,$0.00,$0.00,$0.00,$0.00,
555,,,,,,,No,,,,,,,,,,$0.00,$0.00,$0.00,$0.00,
556,,,,,,,No,,,,,,,,,,$0.00,$0.00,$0.00,$0.00,
557,,,,,,,No,,,,,,,,,,$0.00,$0.00,$0.00,$0.00,
558,,,,,,,No,,,,,,,,,,$0.00,$0.00,$0.00,$0.00,
559,,,,,,,No,,,,,,,,,,$0.00,$0.00,$0.00,$0.00,
560,,,,,,,No,,,,,,,,,,$0.00,$0.00,$0.00,$0.00,
561,,,,,,,No,,,,,,,,,,$0.00,$0.00,$0.00,$0.00,
562,,,,,,,No,,,,,,,,,,$0.00,$0.00,$0.00,$0.00,
563,,,,,,,No,,,,,,,,,,$0.00,$0.00,$0.00,$0.00,
564,,,,,,,No,,,,,,,,,,$0.00,$0.00,$0.00,$0.00,
565,,,,,,,No,,,,,,,,,,$0.00,$0.00,$0.00,$0.00,
566,,,,,,,No,,,,,,,,,,$0.00,$0.00,$0.00,$0.00,
567,,,,,,,No,,,,,,,,,,$0.00,$0.00,$0.00,$0.00,
568,,,,,,,No,,,,,,,,,,$0.00,$0.00,$0.00,$0.00,
569,,,,,,,No,,,,,,,,,,$0.00,$0.00,$0.00,$0.00,
570,,,,,,,No,,,,,,,,,,$0.00,$0.00,$0.00,$0.00,
571,,,,,,,No,,,,,,,,,,$0.00,$0.00,$0.00,$0.00,
572,,,,,,,No,,,,,,,,,,$0.00,$0.00,$0.00,$0.00,
573,,,,,,,No,,,,,,,,,,$0.00,$0.00,$0.00,$0.00,
574,,,,,,,No,,,,,,,,,,$0.00,$0.00,$0.00,$0.00,
575,,,,,,,No,,,,,,,,,,$0.00,$0.00,$0.00,$0.00,
576,,,,,,,No,,,,,,,,,,$0.00,$0.00,$0.00,$0.00,
577,,,,,,,No,,,,,,,,,,$0.00,$0.00,$0.00,$0.00,
578,,,,,,,No,,,,,,,,,,$0.00,$0.00,$0.00,$0.00,
579,,,,,,,No,,,,,,,,,,$0.00,$0.00,$0.00,$0.00,
580,,,,,,,No,,,,,,,,,,$0.00,$0.00,$0.00,$0.00,
581,,,,,,,No,,,,,,,,,,$0.00,$0.00,$0.00,$0.00,
582,,,,,,,No,,,,,,,,,,$0.00,$0.00,$0.00,$0.00,
583,,,,,,,No,,,,,,,,,,$0.00,$0.00,$0.00,$0.00,
584,,,,,,,No,,,,,,,,,,$0.00,$0.00,$0.00,$0.00,
585,,,,,,,No,,,,,,,,,,$0.00,$0.00,$0.00,$0.00,
586,,,,,,,No,,,,,,,,,,$0.00,$0.00,$0.00,$0.00,
587,,,,,,,No,,,,,,,,,,$0.00,$0.00,$0.00,$0.00,
588,,,,,,,No,,,,,,,,,,$0.00,$0.00,$0.00,$0.00,
589,,,,,,,No,,,,,,,,,,$0.00,$0.00,$0.00,$0.00,
590,,,,,,,No,,,,,,,,,,$0.00,$0.00,$0.00,$0.00,
591,,,,,,,No,,,,,,,,,,$0.00,$0.00,$0.00,$0.00,
592,,,,,,,No,,,,,,,,,,$0.00,$0.00,$0.00,$0.00,
593,,,,,,,No,,,,,,,,,,$0.00,$0.00,$0.00,$0.00,
594,,,,,,,No,,,,,,,,,,$0.00,$0.00,$0.00,$0.00,
595,,,,,,,No,,,,,,,,,,$0.00,$0.00,$0.00,$0.00,
596,,,,,,,No,,,,,,,,,,$0.00,$0.00,$0.00,$0.00,
597,,,,,,,No,,,,,,,,,,$0.00,$0.00,$0.00,$0.00,
598,,,,,,,No,,,,,,,,,,$0.00,$0.00,$0.00,$0.00,
599,,,,,,,No,,,,,,,,,,$0.00,$0.00,$0.00,$0.00,
600,,,,,,,No,,,,,,,,,,$0.00,$0.00,$0.00,$0.00,
601,,,,,,,No,,,,,,,,,,$0.00,$0.00,$0.00,$0.00,
602,,,,,,,No,,,,,,,,,,$0.00,$0.00,$0.00,$0.00,
603,,,,,,,No,,,,,,,,,,$0.00,$0.00,$0.00,$0.00,
604,,,,,,,No,,,,,,,,,,$0.00,$0.00,$0.00,$0.00,
605,,,,,,,No,,,,,,,,,,$0.00,$0.00,$0.00,$0.00,
606,,,,,,,No,,,,,,,,,,$0.00,$0.00,$0.00,$0.00,
607,,,,,,,No,,,,,,,,,,$0.00,$0.00,$0.00,$0.00,
608,,,,,,,No,,,,,,,,,,$0.00,$0.00,$0.00,$0.00,
609,,,,,,,No,,,,,,,,,,$0.00,$0.00,$0.00,$0.00,
610,,,,,,,No,,,,,,,,,,$0.00,$0.00,$0.00,$0.00,
611,,,,,,,No,,,,,,,,,,$0.00,$0.00,$0.00,$0.00,
612,,,,,,,No,,,,,,,,,,$0.00,$0.00,$0.00,$0.00,
613,,,,,,,No,,,,,,,,,,$0.00,$0.00,$0.00,$0.00,
614,,,,,,,No,,,,,,,,,,$0.00,$0.00,$0.00,$0.00,
615,,,,,,,No,,,,,,,,,,$0.00,$0.00,$0.00,$0.00,
616,,,,,,,No,,,,,,,,,,$0.00,$0.00,$0.00,$0.00,
617,,,,,,,No,,,,,,,,,,$0.00,$0.00,$0.00,$0.00,
618,,,,,,,No,,,,,,,,,,$0.00,$0.00,$0.00,$0.00,
619,,,,,,,No,,,,,,,,,,$0.00,$0.00,$0.00,$0.00,
620,,,,,,,No,,,,,,,,,,$0.00,$0.00,$0.00,$0.00,
621,,,,,,,No,,,,,,,,,,$0.00,$0.00,$0.00,$0.00,
622,,,,,,,No,,,,,,,,,,$0.00,$0.00,$0.00,$0.00,
623,,,,,,,No,,,,,,,,,,$0.00,$0.00,$0.00,$0.00,
624,,,,,,,No,,,,,,,,,,$0.00,$0.00,$0.00,$0.00,
625,,,,,,,No,,,,,,,,,,$0.00,$0.00,$0.00,$0.00,
626,,,,,,,No,,,,,,,,,,$0.00,$0.00,$0.00,$0.00,
627,,,,,,,No,,,,,,,,,,$0.00,$0.00,$0.00,$0.00,
628,,,,,,,No,,,,,,,,,,$0.00,$0.00,$0.00,$0.00,
629,,,,,,,No,,,,,,,,,,$0.00,$0.00,$0.00,$0.00,
630,,,,,,,No,,,,,,,,,,$0.00,$0.00,$0.00,$0.00,
631,,,,,,,No,,,,,,,,,,$0.00,$0.00,$0.00,$0.00,
632,,,,,,,No,,,,,,,,,,$0.00,$0.00,$0.00,$0.00,
633,,,,,,,No,,,,,,,,,,$0.00,$0.00,$0.00,$0.00,
634,,,,,,,No,,,,,,,,,,$0.00,$0.00,$0.00,$0.00,
635,,,,,,,No,,,,,,,,,,$0.00,$0.00,$0.00,$0.00,
636,,,,,,,No,,,,,,,,,,$0.00,$0.00,$0.00,$0.00,
637,,,,,,,No,,,,,,,,,,$0.00,$0.00,$0.00,$0.00,
638,,,,,,,No,,,,,,,,,,$0.00,$0.00,$0.00,$0.00,
639,,,,,,,No,,,,,,,,,,$0.00,$0.00,$0.00,$0.00,
640,,,,,,,No,,,,,,,,,,$0.00,$0.00,$0.00,$0.00,
641,,,,,,,No,,,,,,,,,,$0.00,$0.00,$0.00,$0.00,
642,,,,,,,No,,,,,,,,,,$0.00,$0.00,$0.00,$0.00,
643,,,,,,,No,,,,,,,,,,$0.00,$0.00,$0.00,$0.00,
644,,,,,,,No,,,,,,,,,,$0.00,$0.00,$0.00,$0.00,
645,,,,,,,No,,,,,,,,,,$0.00,$0.00,$0.00,$0.00,
646,,,,,,,No,,,,,,,,,,$0.00,$0.00,$0.00,$0.00,
647,,,,,,,No,,,,,,,,,,$0.00,$0.00,$0.00,$0.00,
648,,,,,,,No,,,,,,,,,,$0.00,$0.00,$0.00,$0.00,
649,,,,,,,No,,,,,,,,,,$0.00,$0.00,$0.00,$0.00,
650,,,,,,,No,,,,,,,,,,$0.00,$0.00,$0.00,$0.00,
651,,,,,,,No,,,,,,,,,,$0.00,$0.00,$0.00,$0.00,
652,,,,,,,No,,,,,,,,,,$0.00,$0.00,$0.00,$0.00,
653,,,,,,,No,,,,,,,,,,$0.00,$0.00,$0.00,$0.00,
654,,,,,,,No,,,,,,,,,,$0.00,$0.00,$0.00,$0.00,
655,,,,,,,No,,,,,,,,,,$0.00,$0.00,$0.00,$0.00,
656,,,,,,,No,,,,,,,,,,$0.00,$0.00,$0.00,$0.00,
657,,,,,,,No,,,,,,,,,,$0.00,$0.00,$0.00,$0.00,
658,,,,,,,No,,,,,,,,,,$0.00,$0.00,$0.00,$0.00,
659,,,,,,,No,,,,,,,,,,$0.00,$0.00,$0.00,$0.00,
660,,,,,,,No,,,,,,,,,,$0.00,$0.00,$0.00,$0.00,
661,,,,,,,No,,,,,,,,,,$0.00,$0.00,$0.00,$0.00,
662,,,,,,,No,,,,,,,,,,$0.00,$0.00,$0.00,$0.00,
663,,,,,,,No,,,,,,,,,,$0.00,$0.00,$0.00,$0.00,
664,,,,,,,No,,,,,,,,,,$0.00,$0.00,$0.00,$0.00,
665,,,,,,,No,,,,,,,,,,$0.00,$0.00,$0.00,$0.00,
666,,,,,,,No,,,,,,,,,,$0.00,$0.00,$0.00,$0.00,
667,,,,,,,No,,,,,,,,,,$0.00,$0.00,$0.00,$0.00,
668,,,,,,,No,,,,,,,,,,$0.00,$0.00,$0.00,$0.00,
669,,,,,,,No,,,,,,,,,,$0.00,$0.00,$0.00,$0.00,
670,,,,,,,No,,,,,,,,,,$0.00,$0.00,$0.00,$0.00,
671,,,,,,,No,,,,,,,,,,$0.00,$0.00,$0.00,$0.00,
672,,,,,,,No,,,,,,,,,,$0.00,$0.00,$0.00,$0.00,
673,,,,,,,No,,,,,,,,,,$0.00,$0.00,$0.00,$0.00,
674,,,,,,,No,,,,,,,,,,$0.00,$0.00,$0.00,$0.00,
675,,,,,,,No,,,,,,,,,,$0.00,$0.00,$0.00,$0.00,
676,,,,,,,No,,,,,,,,,,$0.00,$0.00,$0.00,$0.00,
677,,,,,,,No,,,,,,,,,,$0.00,$0.00,$0.00,$0.00,
678,,,,,,,No,,,,,,,,,,$0.00,$0.00,$0.00,$0.00,
679,,,,,,,No,,,,,,,,,,$0.00,$0.00,$0.00,$0.00,
680,,,,,,,No,,,,,,,,,,$0.00,$0.00,$0.00,$0.00,
681,,,,,,,No,,,,,,,,,,$0.00,$0.00,$0.00,$0.00,
682,,,,,,,No,,,,,,,,,,$0.00,$0.00,$0.00,$0.00,
683,,,,,,,No,,,,,,,,,,$0.00,$0.00,$0.00,$0.00,
684,,,,,,,No,,,,,,,,,,$0.00,$0.00,$0.00,$0.00,
685,,,,,,,No,,,,,,,,,,$0.00,$0.00,$0.00,$0.00,
686,,,,,,,No,,,,,,,,,,$0.00,$0.00,$0.00,$0.00,
687,,,,,,,No,,,,,,,,,,$0.00,$0.00,$0.00,$0.00,
688,,,,,,,No,,,,,,,,,,$0.00,$0.00,$0.00,$0.00,
689,,,,,,,No,,,,,,,,,,$0.00,$0.00,$0.00,$0.00,
690,,,,,,,No,,,,,,,,,,$0.00,$0.00,$0.00,$0.00,
691,,,,,,,No,,,,,,,,,,$0.00,$0.00,$0.00,$0.00,
692,,,,,,,No,,,,,,,,,,$0.00,$0.00,$0.00,$0.00,
693,,,,,,,No,,,,,,,,,,$0.00,$0.00,$0.00,$0.00,
694,,,,,,,No,,,,,,,,,,$0.00,$0.00,$0.00,$0.00,
695,,,,,,,No,,,,,,,,,,$0.00,$0.00,$0.00,$0.00,
696,,,,,,,No,,,,,,,,,,$0.00,$0.00,$0.00,$0.00,
697,,,,,,,No,,,,,,,,,,$0.00,$0.00,$0.00,$0.00,
698,,,,,,,No,,,,,,,,,,$0.00,$0.00,$0.00,$0.00,
699,,,,,,,No,,,,,,,,,,$0.00,$0.00,$0.00,$0.00,
700,,,,,,,No,,,,,,,,,,$0.00,$0.00,$0.00,$0.00,
701,,,,,,,No,,,,,,,,,,$0.00,$0.00,$0.00,$0.00,
702,,,,,,,No,,,,,,,,,,$0.00,$0.00,$0.00,$0.00,
703,,,,,,,No,,,,,,,,,,$0.00,$0.00,$0.00,$0.00,
704,,,,,,,No,,,,,,,,,,$0.00,$0.00,$0.00,$0.00,
705,,,,,,,No,,,,,,,,,,$0.00,$0.00,$0.00,$0.00,
706,,,,,,,No,,,,,,,,,,$0.00,$0.00,$0.00,$0.00,
707,,,,,,,No,,,,,,,,,,$0.00,$0.00,$0.00,$0.00,
708,,,,,,,No,,,,,,,,,,$0.00,$0.00,$0.00,$0.00,
709,,,,,,,No,,,,,,,,,,$0.00,$0.00,$0.00,$0.00,
710,,,,,,,No,,,,,,,,,,$0.00,$0.00,$0.00,$0.00,
711,,,,,,,No,,,,,,,,,,$0.00,$0.00,$0.00,$0.00,
712,,,,,,,No,,,,,,,,,,$0.00,$0.00,$0.00,$0.00,
713,,,,,,,No,,,,,,,,,,$0.00,$0.00,$0.00,$0.00,
714,,,,,,,No,,,,,,,,,,$0.00,$0.00,$0.00,$0.00,
715,,,,,,,No,,,,,,,,,,$0.00,$0.00,$0.00,$0.00,
716,,,,,,,No,,,,,,,,,,$0.00,$0.00,$0.00,$0.00,
717,,,,,,,No,,,,,,,,,,$0.00,$0.00,$0.00,$0.00,
718,,,,,,,No,,,,,,,,,,$0.00,$0.00,$0.00,$0.00,
719,,,,,,,No,,,,,,,,,,$0.00,$0.00,$0.00,$0.00,
720,,,,,,,No,,,,,,,,,,$0.00,$0.00,$0.00,$0.00,
721,,,,,,,No,,,,,,,,,,$0.00,$0.00,$0.00,$0.00,
722,,,,,,,No,,,,,,,,,,$0.00,$0.00,$0.00,$0.00,
723,,,,,,,No,,,,,,,,,,$0.00,$0.00,$0.00,$0.00,
724,,,,,,,No,,,,,,,,,,$0.00,$0.00,$0.00,$0.00,
725,,,,,,,No,,,,,,,,,,$0.00,$0.00,$0.00,$0.00,
726,,,,,,,No,,,,,,,,,,$0.00,$0.00,$0.00,$0.00,
727,,,,,,,No,,,,,,,,,,$0.00,$0.00,$0.00,$0.00,
728,,,,,,,No,,,,,,,,,,$0.00,$0.00,$0.00,$0.00,
729,,,,,,,No,,,,,,,,,,$0.00,$0.00,$0.00,$0.00,
730,,,,,,,No,,,,,,,,,,$0.00,$0.00,$0.00,$0.00,
731,,,,,,,No,,,,,,,,,,$0.00,$0.00,$0.00,$0.00,
732,,,,,,,No,,,,,,,,,,$0.00,$0.00,$0.00,$0.00,
733,,,,,,,No,,,,,,,,,,$0.00,$0.00,$0.00,$0.00,
734,,,,,,,No,,,,,,,,,,$0.00,$0.00,$0.00,$0.00,
735,,,,,,,No,,,,,,,,,,$0.00,$0.00,$0.00,$0.00,
736,,,,,,,No,,,,,,,,,,$0.00,$0.00,$0.00,$0.00,
737,,,,,,,No,,,,,,,,,,$0.00,$0.00,$0.00,$0.00,
738,,,,,,,No,,,,,,,,,,$0.00,$0.00,$0.00,$0.00,
739,,,,,,,No,,,,,,,,,,$0.00,$0.00,$0.00,$0.00,
740,,,,,,,No,,,,,,,,,,$0.00,$0.00,$0.00,$0.00,
741,,,,,,,No,,,,,,,,,,$0.00,$0.00,$0.00,$0.00,
742,,,,,,,No,,,,,,,,,,$0.00,$0.00,$0.00,$0.00,
743,,,,,,,No,,,,,,,,,,$0.00,$0.00,$0.00,$0.00,
744,,,,,,,No,,,,,,,,,,$0.00,$0.00,$0.00,$0.00,
745,,,,,,,No,,,,,,,,,,$0.00,$0.00,$0.00,$0.00,
746,,,,,,,No,,,,,,,,,,$0.00,$0.00,$0.00,$0.00,
747,,,,,,,No,,,,,,,,,,$0.00,$0.00,$0.00,$0.00,
748,,,,,,,No,,,,,,,,,,$0.00,$0.00,$0.00,$0.00,
749,,,,,,,No,,,,,,,,,,$0.00,$0.00,$0.00,$0.00,
750,,,,,,,No,,,,,,,,,,$0.00,$0.00,$0.00,$0.00,
751,,,,,,,No,,,,,,,,,,$0.00,$0.00,$0.00,$0.00,
752,,,,,,,No,,,,,,,,,,$0.00,$0.00,$0.00,$0.00,
753,,,,,,,No,,,,,,,,,,$0.00,$0.00,$0.00,$0.00,
754,,,,,,,No,,,,,,,,,,$0.00,$0.00,$0.00,$0.00,
755,,,,,,,No,,,,,,,,,,$0.00,$0.00,$0.00,$0.00,
756,,,,,,,No,,,,,,,,,,$0.00,$0.00,$0.00,$0.00,
757,,,,,,,No,,,,,,,,,,$0.00,$0.00,$0.00,$0.00,
758,,,,,,,No,,,,,,,,,,$0.00,$0.00,$0.00,$0.00,
759,,,,,,,No,,,,,,,,,,$0.00,$0.00,$0.00,$0.00,
760,,,,,,,No,,,,,,,,,,$0.00,$0.00,$0.00,$0.00,
761,,,,,,,No,,,,,,,,,,$0.00,$0.00,$0.00,$0.00,
762,,,,,,,No,,,,,,,,,,$0.00,$0.00,$0.00,$0.00,
763,,,,,,,No,,,,,,,,,,$0.00,$0.00,$0.00,$0.00,
764,,,,,,,No,,,,,,,,,,$0.00,$0.00,$0.00,$0.00,
765,,,,,,,No,,,,,,,,,,$0.00,$0.00,$0.00,$0.00,
766,,,,,,,No,,,,,,,,,,$0.00,$0.00,$0.00,$0.00,
767,,,,,,,No,,,,,,,,,,$0.00,$0.00,$0.00,$0.00,
768,,,,,,,No,,,,,,,,,,$0.00,$0.00,$0.00,$0.00,
769,,,,,,,No,,,,,,,,,,$0.00,$0.00,$0.00,$0.00,
770,,,,,,,No,,,,,,,,,,$0.00,$0.00,$0.00,$0.00,
771,,,,,,,No,,,,,,,,,,$0.00,$0.00,$0.00,$0.00,
772,,,,,,,No,,,,,,,,,,$0.00,$0.00,$0.00,$0.00,
773,,,,,,,No,,,,,,,,,,$0.00,$0.00,$0.00,$0.00,
774,,,,,,,No,,,,,,,,,,$0.00,$0.00,$0.00,$0.00,
775,,,,,,,No,,,,,,,,,,$0.00,$0.00,$0.00,$0.00,
776,,,,,,,No,,,,,,,,,,$0.00,$0.00,$0.00,$0.00,
777,,,,,,,No,,,,,,,,,,$0.00,$0.00,$0.00,$0.00,
778,,,,,,,No,,,,,,,,,,$0.00,$0.00,$0.00,$0.00,
779,,,,,,,No,,,,,,,,,,$0.00,$0.00,$0.00,$0.00,
780,,,,,,,No,,,,,,,,,,$0.00,$0.00,$0.00,$0.00,
781,,,,,,,No,,,,,,,,,,$0.00,$0.00,$0.00,$0.00,
782,,,,,,,No,,,,,,,,,,$0.00,$0.00,$0.00,$0.00,
783,,,,,,,No,,,,,,,,,,$0.00,$0.00,$0.00,$0.00,
784,,,,,,,No,,,,,,,,,,$0.00,$0.00,$0.00,$0.00,
785,,,,,,,No,,,,,,,,,,$0.00,$0.00,$0.00,$0.00,
786,,,,,,,No,,,,,,,,,,$0.00,$0.00,$0.00,$0.00,
787,,,,,,,No,,,,,,,,,,$0.00,$0.00,$0.00,$0.00,
788,,,,,,,No,,,,,,,,,,$0.00,$0.00,$0.00,$0.00,
789,,,,,,,No,,,,,,,,,,$0.00,$0.00,$0.00,$0.00,
790,,,,,,,No,,,,,,,,,,$0.00,$0.00,$0.00,$0.00,
791,,,,,,,No,,,,,,,,,,$0.00,$0.00,$0.00,$0.00,
792,,,,,,,No,,,,,,,,,,$0.00,$0.00,$0.00,$0.00,
793,,,,,,,No,,,,,,,,,,$0.00,$0.00,$0.00,$0.00,
794,,,,,,,No,,,,,,,,,,$0.00,$0.00,$0.00,$0.00,
795,,,,,,,No,,,,,,,,,,$0.00,$0.00,$0.00,$0.00,
796,,,,,,,No,,,,,,,,,,$0.00,$0.00,$0.00,$0.00,
797,,,,,,,No,,,,,,,,,,$0.00,$0.00,$0.00,$0.00,
798,,,,,,,No,,,,,,,,,,$0.00,$0.00,$0.00,$0.00,
799,,,,,,,No,,,,,,,,,,$0.00,$0.00,$0.00,$0.00,
800,,,,,,,No,,,,,,,,,,$0.00,$0.00,$0.00,$0.00,
801,,,,,,,No,,,,,,,,,,$0.00,$0.00,$0.00,$0.00,
802,,,,,,,No,,,,,,,,,,$0.00,$0.00,$0.00,$0.00,
803,,,,,,,No,,,,,,,,,,$0.00,$0.00,$0.00,$0.00,
804,,,,,,,No,,,,,,,,,,$0.00,$0.00,$0.00,$0.00,
805,,,,,,,No,,,,,,,,,,$0.00,$0.00,$0.00,$0.00,
806,,,,,,,No,,,,,,,,,,$0.00,$0.00,$0.00,$0.00,
807,,,,,,,No,,,,,,,,,,$0.00,$0.00,$0.00,$0.00,
808,,,,,,,No,,,,,,,,,,$0.00,$0.00,$0.00,$0.00,
809,,,,,,,No,,,,,,,,,,$0.00,$0.00,$0.00,$0.00,
810,,,,,,,No,,,,,,,,,,$0.00,$0.00,$0.00,$0.00,
811,,,,,,,No,,,,,,,,,,$0.00,$0.00,$0.00,$0.00,
812,,,,,,,No,,,,,,,,,,$0.00,$0.00,$0.00,$0.00,
813,,,,,,,No,,,,,,,,,,$0.00,$0.00,$0.00,$0.00,
814,,,,,,,No,,,,,,,,,,$0.00,$0.00,$0.00,$0.00,
815,,,,,,,No,,,,,,,,,,$0.00,$0.00,$0.00,$0.00,
816,,,,,,,No,,,,,,,,,,$0.00,$0.00,$0.00,$0.00,
817,,,,,,,No,,,,,,,,,,$0.00,$0.00,$0.00,$0.00,
818,,,,,,,No,,,,,,,,,,$0.00,$0.00,$0.00,$0.00,
819,,,,,,,No,,,,,,,,,,$0.00,$0.00,$0.00,$0.00,
820,,,,,,,No,,,,,,,,,,$0.00,$0.00,$0.00,$0.00,
821,,,,,,,No,,,,,,,,,,$0.00,$0.00,$0.00,$0.00,
822,,,,,,,No,,,,,,,,,,$0.00,$0.00,$0.00,$0.00,
823,,,,,,,No,,,,,,,,,,$0.00,$0.00,$0.00,$0.00,
824,,,,,,,No,,,,,,,,,,$0.00,$0.00,$0.00,$0.00,
825,,,,,,,No,,,,,,,,,,$0.00,$0.00,$0.00,$0.00,
826,,,,,,,No,,,,,,,,,,$0.00,$0.00,$0.00,$0.00,
827,,,,,,,No,,,,,,,,,,$0.00,$0.00,$0.00,$0.00,
828,,,,,,,No,,,,,,,,,,$0.00,$0.00,$0.00,$0.00,
829,,,,,,,No,,,,,,,,,,$0.00,$0.00,$0.00,$0.00,
830,,,,,,,No,,,,,,,,,,$0.00,$0.00,$0.00,$0.00,
831,,,,,,,No,,,,,,,,,,$0.00,$0.00,$0.00,$0.00,
832,,,,,,,No,,,,,,,,,,$0.00,$0.00,$0.00,$0.00,
833,,,,,,,No,,,,,,,,,,$0.00,$0.00,$0.00,$0.00,
834,,,,,,,No,,,,,,,,,,$0.00,$0.00,$0.00,$0.00,
835,,,,,,,No,,,,,,,,,,$0.00,$0.00,$0.00,$0.00,
836,,,,,,,No,,,,,,,,,,$0.00,$0.00,$0.00,$0.00,
837,,,,,,,No,,,,,,,,,,$0.00,$0.00,$0.00,$0.00,
838,,,,,,,No,,,,,,,,,,$0.00,$0.00,$0.00,$0.00,
839,,,,,,,No,,,,,,,,,,$0.00,$0.00,$0.00,$0.00,
840,,,,,,,No,,,,,,,,,,$0.00,$0.00,$0.00,$0.00,
841,,,,,,,No,,,,,,,,,,$0.00,$0.00,$0.00,$0.00,
842,,,,,,,No,,,,,,,,,,$0.00,$0.00,$0.00,$0.00,
843,,,,,,,No,,,,,,,,,,$0.00,$0.00,$0.00,$0.00,
844,,,,,,,No,,,,,,,,,,$0.00,$0.00,$0.00,$0.00,
845,,,,,,,No,,,,,,,,,,$0.00,$0.00,$0.00,$0.00,
846,,,,,,,No,,,,,,,,,,$0.00,$0.00,$0.00,$0.00,
847,,,,,,,No,,,,,,,,,,$0.00,$0.00,$0.00,$0.00,
848,,,,,,,No,,,,,,,,,,$0.00,$0.00,$0.00,$0.00,
849,,,,,,,No,,,,,,,,,,$0.00,$0.00,$0.00,$0.00,
850,,,,,,,No,,,,,,,,,,$0.00,$0.00,$0.00,$0.00,
851,,,,,,,No,,,,,,,,,,$0.00,$0.00,$0.00,$0.00,
852,,,,,,,No,,,,,,,,,,$0.00,$0.00,$0.00,$0.00,
853,,,,,,,No,,,,,,,,,,$0.00,$0.00,$0.00,$0.00,
854,,,,,,,No,,,,,,,,,,$0.00,$0.00,$0.00,$0.00,
855,,,,,,,No,,,,,,,,,,$0.00,$0.00,$0.00,$0.00,
856,,,,,,,No,,,,,,,,,,$0.00,$0.00,$0.00,$0.00,
857,,,,,,,No,,,,,,,,,,$0.00,$0.00,$0.00,$0.00,
858,,,,,,,No,,,,,,,,,,$0.00,$0.00,$0.00,$0.00,
859,,,,,,,No,,,,,,,,,,$0.00,$0.00,$0.00,$0.00,
860,,,,,,,No,,,,,,,,,,$0.00,$0.00,$0.00,$0.00,
861,,,,,,,No,,,,,,,,,,$0.00,$0.00,$0.00,$0.00,
862,,,,,,,No,,,,,,,,,,$0.00,$0.00,$0.00,$0.00,
863,,,,,,,No,,,,,,,,,,$0.00,$0.00,$0.00,$0.00,
864,,,,,,,No,,,,,,,,,,$0.00,$0.00,$0.00,$0.00,
865,,,,,,,No,,,,,,,,,,$0.00,$0.00,$0.00,$0.00,
866,,,,,,,No,,,,,,,,,,$0.00,$0.00,$0.00,$0.00,
867,,,,,,,No,,,,,,,,,,$0.00,$0.00,$0.00,$0.00,
868,,,,,,,No,,,,,,,,,,$0.00,$0.00,$0.00,$0.00,
869,,,,,,,No,,,,,,,,,,$0.00,$0.00,$0.00,$0.00,
870,,,,,,,No,,,,,,,,,,$0.00,$0.00,$0.00,$0.00,
871,,,,,,,No,,,,,,,,,,$0.00,$0.00,$0.00,$0.00,
872,,,,,,,No,,,,,,,,,,$0.00,$0.00,$0.00,$0.00,
873,,,,,,,No,,,,,,,,,,$0.00,$0.00,$0.00,$0.00,
874,,,,,,,No,,,,,,,,,,$0.00,$0.00,$0.00,$0.00,
875,,,,,,,No,,,,,,,,,,$0.00,$0.00,$0.00,$0.00,
876,,,,,,,No,,,,,,,,,,$0.00,$0.00,$0.00,$0.00,
877,,,,,,,No,,,,,,,,,,$0.00,$0.00,$0.00,$0.00,
878,,,,,,,No,,,,,,,,,,$0.00,$0.00,$0.00,$0.00,
879,,,,,,,No,,,,,,,,,,$0.00,$0.00,$0.00,$0.00,
880,,,,,,,No,,,,,,,,,,$0.00,$0.00,$0.00,$0.00,
881,,,,,,,No,,,,,,,,,,$0.00,$0.00,$0.00,$0.00,
882,,,,,,,No,,,,,,,,,,$0.00,$0.00,$0.00,$0.00,
883,,,,,,,No,,,,,,,,,,$0.00,$0.00,$0.00,$0.00,
884,,,,,,,No,,,,,,,,,,$0.00,$0.00,$0.00,$0.00,
885,,,,,,,No,,,,,,,,,,$0.00,$0.00,$0.00,$0.00,
886,,,,,,,No,,,,,,,,,,$0.00,$0.00,$0.00,$0.00,
887,,,,,,,No,,,,,,,,,,$0.00,$0.00,$0.00,$0.00,
888,,,,,,,No,,,,,,,,,,$0.00,$0.00,$0.00,$0.00,
889,,,,,,,No,,,,,,,,,,$0.00,$0.00,$0.00,$0.00,
890,,,,,,,No,,,,,,,,,,$0.00,$0.00,$0.00,$0.00,
891,,,,,,,No,,,,,,,,,,$0.00,$0.00,$0.00,$0.00,
892,,,,,,,No,,,,,,,,,,$0.00,$0.00,$0.00,$0.00,
893,,,,,,,No,,,,,,,,,,$0.00,$0.00,$0.00,$0.00,
894,,,,,,,No,,,,,,,,,,$0.00,$0.00,$0.00,$0.00,
895,,,,,,,No,,,,,,,,,,$0.00,$0.00,$0.00,$0.00,
896,,,,,,,No,,,,,,,,,,$0.00,$0.00,$0.00,$0.00,
897,,,,,,,No,,,,,,,,,,$0.00,$0.00,$0.00,$0.00,
898,,,,,,,No,,,,,,,,,,$0.00,$0.00,$0.00,$0.00,
899,,,,,,,No,,,,,,,,,,$0.00,$0.00,$0.00,$0.00,
900,,,,,,,No,,,,,,,,,,$0.00,$0.00,$0.00,$0.00,
901,,,,,,,No,,,,,,,,,,$0.00,$0.00,$0.00,$0.00,
902,,,,,,,No,,,,,,,,,,$0.00,$0.00,$0.00,$0.00,
903,,,,,,,No,,,,,,,,,,$0.00,$0.00,$0.00,$0.00,
904,,,,,,,No,,,,,,,,,,$0.00,$0.00,$0.00,$0.00,
905,,,,,,,No,,,,,,,,,,$0.00,$0.00,$0.00,$0.00,
906,,,,,,,No,,,,,,,,,,$0.00,$0.00,$0.00,$0.00,
907,,,,,,,No,,,,,,,,,,$0.00,$0.00,$0.00,$0.00,
908,,,,,,,No,,,,,,,,,,$0.00,$0.00,$0.00,$0.00,
909,,,,,,,No,,,,,,,,,,$0.00,$0.00,$0.00,$0.00,
910,,,,,,,No,,,,,,,,,,$0.00,$0.00,$0.00,$0.00,
911,,,,,,,No,,,,,,,,,,$0.00,$0.00,$0.00,$0.00,
912,,,,,,,No,,,,,,,,,,$0.00,$0.00,$0.00,$0.00,
913,,,,,,,No,,,,,,,,,,$0.00,$0.00,$0.00,$0.00,
914,,,,,,,No,,,,,,,,,,$0.00,$0.00,$0.00,$0.00,
915,,,,,,,No,,,,,,,,,,$0.00,$0.00,$0.00,$0.00,
916,,,,,,,No,,,,,,,,,,$0.00,$0.00,$0.00,$0.00,
917,,,,,,,No,,,,,,,,,,$0.00,$0.00,$0.00,$0.00,
918,,,,,,,No,,,,,,,,,,$0.00,$0.00,$0.00,$0.00,
919,,,,,,,No,,,,,,,,,,$0.00,$0.00,$0.00,$0.00,
920,,,,,,,No,,,,,,,,,,$0.00,$0.00,$0.00,$0.00,
921,,,,,,,No,,,,,,,,,,$0.00,$0.00,$0.00,$0.00,
922,,,,,,,No,,,,,,,,,,$0.00,$0.00,$0.00,$0.00,
923,,,,,,,No,,,,,,,,,,$0.00,$0.00,$0.00,$0.00,
924,,,,,,,No,,,,,,,,,,$0.00,$0.00,$0.00,$0.00,
925,,,,,,,No,,,,,,,,,,$0.00,$0.00,$0.00,$0.00,
926,,,,,,,No,,,,,,,,,,$0.00,$0.00,$0.00,$0.00,
927,,,,,,,No,,,,,,,,,,$0.00,$0.00,$0.00,$0.00,
928,,,,,,,No,,,,,,,,,,$0.00,$0.00,$0.00,$0.00,
929,,,,,,,No,,,,,,,,,,$0.00,$0.00,$0.00,$0.00,
930,,,,,,,No,,,,,,,,,,$0.00,$0.00,$0.00,$0.00,
931,,,,,,,No,,,,,,,,,,$0.00,$0.00,$0.00,$0.00,
932,,,,,,,No,,,,,,,,,,$0.00,$0.00,$0.00,$0.00,
933,,,,,,,No,,,,,,,,,,$0.00,$0.00,$0.00,$0.00,
934,,,,,,,No,,,,,,,,,,$0.00,$0.00,$0.00,$0.00,
935,,,,,,,No,,,,,,,,,,$0.00,$0.00,$0.00,$0.00,
936,,,,,,,No,,,,,,,,,,$0.00,$0.00,$0.00,$0.00,
937,,,,,,,No,,,,,,,,,,$0.00,$0.00,$0.00,$0.00,
938,,,,,,,No,,,,,,,,,,$0.00,$0.00,$0.00,$0.00,
939,,,,,,,No,,,,,,,,,,$0.00,$0.00,$0.00,$0.00,
940,,,,,,,No,,,,,,,,,,$0.00,$0.00,$0.00,$0.00,
941,,,,,,,No,,,,,,,,,,$0.00,$0.00,$0.00,$0.00,
942,,,,,,,No,,,,,,,,,,$0.00,$0.00,$0.00,$0.00,
943,,,,,,,No,,,,,,,,,,$0.00,$0.00,$0.00,$0.00,
944,,,,,,,No,,,,,,,,,,$0.00,$0.00,$0.00,$0.00,
945,,,,,,,No,,,,,,,,,,$0.00,$0.00,$0.00,$0.00,
946,,,,,,,No,,,,,,,,,,$0.00,$0.00,$0.00,$0.00,
947,,,,,,,No,,,,,,,,,,$0.00,$0.00,$0.00,$0.00,
948,,,,,,,No,,,,,,,,,,$0.00,$0.00,$0.00,$0.00,
949,,,,,,,No,,,,,,,,,,$0.00,$0.00,$0.00,$0.00,
950,,,,,,,No,,,,,,,,,,$0.00,$0.00,$0.00,$0.00,
951,,,,,,,No,,,,,,,,,,$0.00,$0.00,$0.00,$0.00,
952,,,,,,,No,,,,,,,,,,$0.00,$0.00,$0.00,$0.00,
953,,,,,,,No,,,,,,,,,,$0.00,$0.00,$0.00,$0.00,
954,,,,,,,No,,,,,,,,,,$0.00,$0.00,$0.00,$0.00,
955,,,,,,,No,,,,,,,,,,$0.00,$0.00,$0.00,$0.00,
956,,,,,,,No,,,,,,,,,,$0.00,$0.00,$0.00,$0.00,
957,,,,,,,No,,,,,,,,,,$0.00,$0.00,$0.00,$0.00,
958,,,,,,,No,,,,,,,,,,$0.00,$0.00,$0.00,$0.00,
959,,,,,,,No,,,,,,,,,,$0.00,$0.00,$0.00,$0.00,
960,,,,,,,No,,,,,,,,,,$0.00,$0.00,$0.00,$0.00,
961,,,,,,,No,,,,,,,,,,$0.00,$0.00,$0.00,$0.00,
962,,,,,,,No,,,,,,,,,,$0.00,$0.00,$0.00,$0.00,
963,,,,,,,No,,,,,,,,,,$0.00,$0.00,$0.00,$0.00,
964,,,,,,,No,,,,,,,,,,$0.00,$0.00,$0.00,$0.00,
965,,,,,,,No,,,,,,,,,,$0.00,$0.00,$0.00,$0.00,
966,,,,,,,No,,,,,,,,,,$0.00,$0.00,$0.00,$0.00,
967,,,,,,,No,,,,,,,,,,$0.00,$0.00,$0.00,$0.00,
968,,,,,,,No,,,,,,,,,,$0.00,$0.00,$0.00,$0.00,
969,,,,,,,No,,,,,,,,,,$0.00,$0.00,$0.00,$0.00,
970,,,,,,,No,,,,,,,,,,$0.00,$0.00,$0.00,$0.00,
971,,,,,,,No,,,,,,,,,,$0.00,$0.00,$0.00,$0.00,
972,,,,,,,No,,,,,,,,,,$0.00,$0.00,$0.00,$0.00,
973,,,,,,,No,,,,,,,,,,$0.00,$0.00,$0.00,$0.00,
974,,,,,,,No,,,,,,,,,,$0.00,$0.00,$0.00,$0.00,
975,,,,,,,No,,,,,,,,,,$0.00,$0.00,$0.00,$0.00,
976,,,,,,,No,,,,,,,,,,$0.00,$0.00,$0.00,$0.00,
977,,,,,,,No,,,,,,,,,,$0.00,$0.00,$0.00,$0.00,
978,,,,,,,No,,,,,,,,,,$0.00,$0.00,$0.00,$0.00,
979,,,,,,,No,,,,,,,,,,$0.00,$0.00,$0.00,$0.00,
980,,,,,,,No,,,,,,,,,,$0.00,$0.00,$0.00,$0.00,
981,,,,,,,No,,,,,,,,,,$0.00,$0.00,$0.00,$0.00,
982,,,,,,,No,,,,,,,,,,$0.00,$0.00,$0.00,$0.00,
983,,,,,,,No,,,,,,,,,,$0.00,$0.00,$0.00,$0.00,
984,,,,,,,No,,,,,,,,,,$0.00,$0.00,$0.00,$0.00,
985,,,,,,,No,,,,,,,,,,$0.00,$0.00,$0.00,$0.00,
986,,,,,,,No,,,,,,,,,,$0.00,$0.00,$0.00,$0.00,
987,,,,,,,No,,,,,,,,,,$0.00,$0.00,$0.00,$0.00,
988,,,,,,,No,,,,,,,,,,$0.00,$0.00,$0.00,$0.00,
989,,,,,,,No,,,,,,,,,,$0.00,$0.00,$0.00,$0.00,
990,,,,,,,No,,,,,,,,,,$0.00,$0.00,$0.00,$0.00,
991,,,,,,,No,,,,,,,,,,$0.00,$0.00,$0.00,$0.00,
992,,,,,,,No,,,,,,,,,,$0.00,$0.00,$0.00,$0.00,
993,,,,,,,No,,,,,,,,,,$0.00,$0.00,$0.00,$0.00,